Ticket	Open Time	Type	Size	Item	Price	S / L	T / P	Close Time	Price	Commission	Taxes	Swap	Profit
4408482	2013.04.22 08:12	buy	0.3	usdjpypro	99.645	99.35	100.25	2013.04.22 08:22	99.694	-154	0	0	1 470
4408021	2013.04.19 18:03	buy	0.2	eurjpypro	129.791	130.017	0	2013.04.22 08:30	130.263	-102	0	-28	9 440
4406976	2013.04.19 18:03	buy	0.14	eurjpypro	129.791	129.391	0	2013.04.22 03:37	130.405	-72	0	-20	8 596
4404523	2013.04.19 07:30	buy	0.2	eurjpypro	129.466	129.666	0	2013.04.19 16:02	129.666	-103	0	0	4 000
4404153	2013.04.19 07:30	buy	0.1	eurjpypro	129.466	129.506	0	2013.04.19 09:45	129.899	-51	0	0	4 330
4403804	2013.04.19 07:30	buy	0.04	eurjpypro	129.466	129.506	0	2013.04.19 08:21	129.619	-20	0	0	612
4361387	2013.04.11 06:30	buy	0.5	usdjpypro	99.764	99.3	0	2013.04.11 06:50	99.718	-257	0	0	-2 300
4351159	2013.04.09 08:20	sell	0.79	eurusdpro	1.30279	1.30574	1.29723	2013.04.09 08:47	1.30295	-405	0	0	-1 251
4351158	2013.04.09 08:20	sell	0.79	eurusdpro	1.3028	1.30574	1.27144	2013.04.09 08:52	1.30271	-405	0	0	703
4351071	2013.04.09 08:06	sell	0.79	eurusdpro	1.30288	0	1.29723	2013.04.09 08:09	1.30281	-405	0	0	548
4351070	2013.04.09 08:06	sell	0.79	eurusdpro	1.30288	1.30574	1.27144	2013.04.09 08:14	1.30273	-405	0	0	1 176
4351069	2013.04.09 08:06	sell	0.79	eurusdpro	1.3029	1.304	1.30195	2013.04.09 09:28	1.304	-405	0	0	-8 599
4349997	2013.04.09 06:41	buy	0.1	usdjpypro	98.9	98.6	99.4	2013.04.09 08:05	99.115	-51	0	0	2 150
4349213	2013.04.09 06:26	buy	0.1	audjpypro	103.2	102.9	103.75	2013.04.09 07:17	102.9	-51	0	0	-3 000
4349197	2013.04.09 06:27	buy	0.1	eurjpypro	128.9	128.7	129.5	2013.04.09 07:13	128.7	-51	0	0	-2 000
4345493	2013.04.08 09:10	buy	0.5	eurjpypro	128.145	128.15	0	2013.04.08 13:28	128.15	-257	0	0	250
4345443	2013.04.08 09:10	buy	0.2	eurjpypro	128.145	127.819	0	2013.04.08 09:18	128.233	-103	0	0	1 760
4345118	2013.04.05 15:00	buy	0.4	eurjpypro	126.54	128.118	0	2013.04.08 09:10	128.106	-205	0	-56	62 640
4341526	2013.04.05 15:00	buy	0.2	eurjpypro	126.54	127.54	0	2013.04.08 08:13	128.643	-103	0	-28	42 060
4330636	2013.04.04 10:30	buy	0.49	eurjpypro	122.292	124	0	2013.04.05 06:00	124.483	-251	0	-69	107 359
4211107	2013.03.05 02:45	buy	1	eurjpypro	121.629	121.327	0	2013.03.05 04:37	121.327	-513	0	0	-30 200
4209884	2013.03.04 18:23	buy	1	eurjpypro	121.524	121.561	0	2013.03.05 02:43	121.561	-513	0	-140	3 700
4209388	2013.03.04 15:50	buy	1	eurjpypro	121.579	121.293	0	2013.03.04 16:02	121.293	-513	0	0	-28 600
4209181	2013.03.04 14:23	buy	1	eurjpypro	121.585	121.345	0	2013.03.04 15:22	121.345	-513	0	0	-24 000
4208348	2013.03.04 10:02	buy	1	eurjpypro	121.603	121.478	0	2013.03.04 14:17	121.478	-513	0	0	-12 500
4199409	2013.02.28 13:30	sell	1	eurjpypro	120.933	121.226	120.9	2013.02.28 13:40	121.226	-513	0	0	-29 300
4199208	2013.02.28 11:31	sell	1	eurjpypro	120.881	121.087	0	2013.02.28 12:33	121.087	-513	0	0	-20 600
4198968	2013.02.28 10:24	sell	0.5	eurjpypro	120.921	120.901	0	2013.02.28 11:30	120.901	-257	0	0	1 000
4198938	2013.02.28 10:24	sell	0.5	eurjpypro	120.921	121.184	0	2013.02.28 10:32	120.909	-257	0	0	600
4198382	2013.02.28 09:10	sell	1	eurjpypro	121.288	120.941	0	2013.02.28 10:19	120.941	-513	0	0	34 700
4179126	2013.02.25 14:40	buy	1	eurjpypro	125.022	124.82	0	2013.02.25 14:54	124.82	-513	0	0	-20 200
4178843	2013.02.25 14:00	buy	1	eurjpypro	124.925	125	0	2013.02.25 14:40	125	-513	0	0	7 500
4178486	2013.02.25 12:50	buy	1	eurjpypro	124.934	124.63	0	2013.02.25 13:58	124.953	-513	0	0	1 900
4178485	2013.02.25 12:50	buy	1	eurjpypro	124.938	124.671	0	2013.02.25 13:58	124.968	-513	0	0	3 000
4172982	2013.02.22 11:04	sell	1	eurjpypro	122.965	123.384	0	2013.02.24 22:01	124.91	-513	0	-150	-194 500
4172979	2013.02.22 11:04	sell	1	eurjpypro	122.965	123.383	0	2013.02.24 22:01	124.91	-513	0	-150	-194 500
4164527	2013.02.21 03:37	sell	1	eurjpypro	124.043	123.509	0	2013.02.22 08:30	123.509	-513	0	-150	53 400
4164526	2013.02.21 03:37	sell	1	eurjpypro	124.044	123.509	0	2013.02.21 20:30	122.819	-513	0	0	122 500
4160776	2013.02.20 13:34	buy	1	eurjpypro	125.189	124.689	0	2013.02.20 19:13	124.689	-513	0	0	-50 000
4160775	2013.02.20 13:34	buy	1	eurjpypro	125.189	124.889	0	2013.02.20 16:36	124.889	-513	0	0	-30 000
4160774	2013.02.20 13:34	buy	1	eurjpypro	125.189	124.876	0	2013.02.20 16:36	124.876	-513	0	0	-31 300
4160773	2013.02.20 13:34	buy	1	eurjpypro	125.189	124.694	0	2013.02.20 19:13	124.694	-513	0	0	-49 500
4160376	2013.02.20 11:30	buy	1	eurjpypro	125.385	124.764	0	2013.02.20 13:33	125.114	-513	0	0	-27 100
4160375	2013.02.20 11:30	buy	1	eurjpypro	125.385	124.838	0	2013.02.20 12:00	125.134	-513	0	0	-25 100
4160371	2013.02.20 11:27	buy	1	eurjpypro	125.388	125.099	0	2013.02.20 11:28	125.348	-513	0	0	-4 000
4158341	2013.02.20 02:18	buy	1	eurjpypro	125.612	125.097	0	2013.02.20 05:21	125.097	-513	0	0	-51 500
4158340	2013.02.20 02:18	buy	1	eurjpypro	125.614	125.104	0	2013.02.20 04:30	125.291	-513	0	0	-32 300
4158093	2013.02.20 00:33	buy	1	eurjpypro	125.712	125.593	0	2013.02.20 02:18	125.593	-513	0	0	-11 900
4155632	2013.02.19 11:00	sell	1	eurjpypro	124.668	124.919	0	2013.02.19 14:17	124.919	-513	0	0	-25 100
4153119	2013.02.18 19:00	buy	1	eurjpypro	125.495	124.976	0	2013.02.18 23:56	124.976	-513	0	-140	-51 900
4153118	2013.02.18 19:00	buy	1	eurjpypro	125.495	125.098	0	2013.02.18 21:30	125.4	-513	0	0	-9 500
4151822	2013.02.18 09:30	buy	1	eurjpypro	125.888	125.538	0	2013.02.18 09:59	125.538	-513	0	0	-35 000
4145140	2013.02.15 01:13	sell	1	eurjpypro	123.844	123.93	0	2013.02.15 02:03	123.93	-513	0	0	-8 600
4143158	2013.02.14 13:56	sell	1	eurjpypro	124.252	124.368	0	2013.02.14 23:30	124.159	-513	0	-150	9 300
4143157	2013.02.14 13:59	sell	1	eurjpypro	124.241	124.368	0	2013.02.15 00:14	124.368	-513	0	-150	-12 700
4139881	2013.02.14 06:58	buy	1	eurjpypro	125.619	125.101	0	2013.02.14 07:19	125.076	-513	0	0	-54 300
4139876	2013.02.14 06:58	buy	1	eurjpypro	125.619	125.115	0	2013.02.14 07:16	125.291	-513	0	0	-32 800
4139400	2013.02.14 03:39	buy	1	eurjpypro	125.622	125.573	0	2013.02.14 06:58	125.573	-513	0	0	-4 900
4139399	2013.02.14 03:39	buy	1	eurjpypro	125.622	125.579	0	2013.02.14 06:58	125.579	-513	0	0	-4 300
4139019	2013.02.14 01:05	buy	1	eurjpypro	125.6	125.601	0	2013.02.14 03:27	125.601	-513	0	0	100
4139018	2013.02.14 01:05	buy	1	eurjpypro	125.6	125.463	0	2013.02.14 03:39	125.463	-513	0	0	-13 700
4138249	2013.02.13 18:01	buy	1	eurjpypro	125.895	125.067	0	2013.02.13 18:04	125.818	-513	0	0	-7 700
4138248	2013.02.13 18:01	buy	1	eurjpypro	125.895	125.523	0	2013.02.13 18:04	125.817	-513	0	0	-7 800
4118622	2013.02.08 09:22	sell	0.5	eurjpypro	124.695	124	0	2013.02.08 13:53	124.014	-257	0	0	34 050
4117754	2013.02.08 09:22	sell	0.5	eurjpypro	124.695	124	0	2013.02.08 12:38	123.693	-257	0	0	50 100
4117753	2013.02.08 09:22	sell	1	eurjpypro	124.695	124.224	0	2013.02.08 14:30	124.224	-513	0	0	47 100
4117592	2013.02.08 08:36	sell	1	eurjpypro	124.128	124.722	0	2013.02.08 09:19	124.722	-513	0	0	-59 400
4117591	2013.02.08 08:36	sell	1	eurjpypro	124.118	124.717	0	2013.02.08 09:19	124.717	-513	0	0	-59 900
4116771	2013.02.08 05:11	sell	1	eurjpypro	125.3	124.134	0	2013.02.08 08:35	124.134	-513	0	0	116 600
4116770	2013.02.08 05:11	sell	1	eurjpypro	125.3	124.129	0	2013.02.08 08:35	124.129	-513	0	0	117 100
4115267	2013.02.07 19:08	sell	1	eurjpypro	125.173	125.535	0	2013.02.07 22:55	125.535	-513	0	-150	-36 200
4115261	2013.02.07 19:08	sell	1	eurjpypro	125.173	125.419	0	2013.02.08 01:59	125.419	-513	0	-150	-24 600
4111900	2013.02.07 13:18	buy	1	eurjpypro	126.852	126.65	0	2013.02.07 13:39	126.633	-513	0	0	-21 900
4111762	2013.02.07 12:48	buy	1	eurjpypro	126.934	126.798	0	2013.02.07 13:16	126.798	-513	0	0	-13 600
4111691	2013.02.07 12:35	buy	1	eurjpypro	127.18	126.898	0	2013.02.07 12:48	126.898	-513	0	0	-28 200
4111209	2013.02.07 10:08	buy	1	eurjpypro	127.173	127.162	0	2013.02.07 12:34	127.162	-513	0	0	-1 100
4110075	2013.02.07 07:24	buy	1	eurjpypro	126.569	127.121	0	2013.02.07 10:08	127.121	-513	0	0	55 200
4109493	2013.02.07 05:01	buy	1	eurjpypro	126.324	126.556	0	2013.02.07 07:24	126.556	-513	0	0	23 200
4109282	2013.02.07 02:13	buy	1	eurjpypro	126.363	126.158	0	2013.02.07 03:09	126.158	-513	0	0	-20 500
4108909	2013.02.07 00:07	buy	1	eurjpypro	126.416	126.158	0	2013.02.07 01:07	126.158	-513	0	0	-25 800
4108503	2013.02.06 20:29	buy	1	eurjpypro	126.454	126.346	0	2013.02.06 23:59	126.346	-513	0	-420	-10 800
4101935	2013.02.05 15:26	buy	1	eurjpypro	126.249	126.547	0	2013.02.05 17:30	126.547	-513	0	0	29 800
4101646	2013.02.05 14:31	buy	1	eurjpypro	125.861	126.23	0	2013.02.05 15:18	126.23	-513	0	0	36 900
4101352	2013.02.05 13:43	buy	1	eurjpypro	125.991	125.839	0	2013.02.05 14:31	125.839	-513	0	0	-15 200
4101250	2013.02.05 13:32	buy	1	eurjpypro	126.258	125.99	0	2013.02.05 13:43	125.99	-513	0	0	-26 800
4101101	2013.02.05 13:04	buy	1	eurjpypro	126.451	126.227	0	2013.02.05 13:31	126.227	-513	0	0	-22 400
4100776	2013.02.05 11:50	buy	1	eurjpypro	126.283	126.421	0	2013.02.05 13:03	126.421	-513	0	0	13 800
4100320	2013.02.05 10:30	buy	1	eurjpypro	125.688	126.262	0	2013.02.05 11:48	126.262	-513	0	0	57 400
4043662	2013.01.22 07:54	buy	0.5	usdjpypro	89.025	88.625	89.4	2013.01.22 09:08	88.614	-257	0	0	-20 550
4037392	2013.01.21 08:18	buy	0.5	usdjpypro	89.531	89.025	90	2013.01.21 15:00	89.686	-257	0	0	7 750
4027512	2013.01.17 14:41	buy	1	eurjpypro	119.106	119.26	120.06	2013.01.17 18:20	120.06	-513	0	0	95 400
4027511	2013.01.17 14:41	buy	1	eurjpypro	119.109	119.7	0	2013.01.18 02:30	119.979	-513	0	-140	87 000
4027211	2013.01.17 14:00	buy	1	eurjpypro	119.327	119.093	0	2013.01.17 14:41	119.093	-513	0	0	-23 400
4024137	2013.01.17 04:52	sell	1	eurjpypro	117.29	117.492	0	2013.01.17 05:55	117.492	-513	0	0	-20 200
4023728	2013.01.17 03:14	sell	1	eurjpypro	117.506	117.311	0	2013.01.17 04:51	117.311	-513	0	0	19 500
4017312	2013.01.15 20:17	buy	1	eurjpypro	118.204	117.714	0	2013.01.16 00:52	117.714	-513	0	-140	-49 000
4017311	2013.01.15 20:17	buy	1	eurjpypro	118.204	117.718	0	2013.01.16 00:52	117.718	-513	0	-140	-48 600
4015728	2013.01.15 15:04	buy	1	eurjpypro	118.501	117.9	0	2013.01.15 18:53	117.9	-513	0	0	-60 100
4015727	2013.01.15 15:04	buy	1	eurjpypro	118.501	117.908	0	2013.01.15 18:53	117.897	-513	0	0	-60 400
3999987	2013.01.10 14:42	buy	1	eurjpypro	116.174	118.166	0	2013.01.11 01:03	118.166	-513	0	-140	199 200
3999659	2013.01.10 14:08	sell	1	eurjpypro	116.306	0	0	2013.01.10 14:09	116.312	-513	0	0	-600
3998676	2013.01.10 13:33	buy	2	eurjpypro	115.59	116.016	0	2013.01.10 14:10	116.306	-1 026	0	0	143 200
3998667	2013.01.10 13:33	buy	1	eurjpypro	115.609	116.153	0	2013.01.10 14:42	116.153	-513	0	0	54 400
3995498	2013.01.09 22:03	buy	2	eurjpypro	114.832	114.832	0	2013.01.10 08:14	115.306	-1 026	0	0	94 800
3995497	2013.01.09 22:03	buy	1	eurjpypro	114.832	115.606	0	2013.01.10 13:33	115.606	-513	0	0	77 400
3993824	2013.01.09 13:27	sell	1	eurjpypro	114.258	114.455	0	2013.01.09 14:00	114.399	-513	0	0	-14 100
3993494	2013.01.09 11:29	sell	1	eurjpypro	114.254	114.353	0	2013.01.09 12:41	114.353	-513	0	0	-9 900
3991452	2013.01.08 23:33	sell	1	eurjpypro	113.815	113.901	0	2013.01.09 00:12	113.901	-513	0	0	-8 600
3991315	2013.01.08 22:33	sell	1	eurjpypro	113.862	113.844	0	2013.01.08 23:21	113.844	-513	0	0	1 800
3990691	2013.01.08 17:03	sell	1	eurjpypro	114.152	114.002	0	2013.01.08 22:06	114.002	-513	0	-150	15 000
3990627	2013.01.08 16:42	sell	1	eurjpypro	113.914	114.161	0	2013.01.08 17:02	114.161	-513	0	0	-24 700
3990415	2013.01.08 16:01	sell	1	eurjpypro	113.835	113.938	0	2013.01.08 16:42	113.938	-513	0	0	-10 300
3987575	2013.01.08 04:15	buy	1	eurjpypro	114.945	114.667	0	2013.01.08 06:27	114.667	-513	0	0	-27 800
3987423	2013.01.08 02:38	buy	1	eurjpypro	114.953	114.846	0	2013.01.08 03:57	114.846	-513	0	0	-10 700
3986593	2013.01.08 02:26	buy	1	eurjpypro	114.93	114.938	0	2013.01.08 02:37	114.938	-513	0	0	800
3986000	2013.01.07 22:45	buy	1	eurjpypro	114.948	114.653	0	2013.01.07 23:50	114.653	-513	0	0	-29 500
3985253	2013.01.07 16:30	buy	1	eurjpypro	114.996	114.918	0	2013.01.07 22:39	114.918	-513	0	-140	-7 800
3984160	2013.01.07 13:20	buy	1	eurjpypro	114.582	114.27	0	2013.01.07 13:20	114.57	-513	0	0	-1 200
3984011	2013.01.07 12:25	buy	1	eurjpypro	114.643	114.352	0	2013.01.07 12:43	114.352	-513	0	0	-29 100
3981959	2013.01.07 01:12	buy	1	eurjpypro	115.168	114.913	0	2013.01.07 01:41	114.913	-513	0	0	-25 500
3980061	2013.01.04 14:52	buy	1	eurjpypro	114.653	115.244	0	2013.01.07 00:01	115.244	-513	0	-140	59 100
3979648	2013.01.04 13:51	buy	1	eurjpypro	114.645	114.412	0	2013.01.04 14:19	114.412	-513	0	0	-23 300
3979415	2013.01.04 13:31	buy	1	eurjpypro	114.723	114.515	0	2013.01.04 13:43	114.515	-513	0	0	-20 800
3979219	2013.01.04 13:30	buy	1	eurjpypro	114.845	114.634	0	2013.01.04 13:31	114.634	-513	0	0	-21 100
3978388	2013.01.04 09:36	buy	1	eurjpypro	114.682	114.762	0	2013.01.04 13:30	114.762	-513	0	0	8 000
3978116	2013.01.04 08:30	buy	1	eurjpypro	114.857	114.662	0	2013.01.04 09:35	114.662	-513	0	0	-19 500
3972701	2013.01.03 08:37	buy	1	eurjpypro	114.729	114.473	0	2013.01.03 10:04	114.473	-513	0	0	-25 600
3967158	2013.01.02 04:48	buy	1	eurjpypro	115.512	115.417	0	2013.01.02 09:28	115.398	-513	0	0	-11 400
3967024	2013.01.02 04:08	buy	1	eurjpypro	115.687	115.497	0	2013.01.02 04:43	115.497	-513	0	0	-19 000
3966243	2012.12.31 16:13	buy	1	eurjpypro	113.976	115.649	0	2013.01.02 04:07	115.649	-513	0	-280	167 300
3965878	2012.12.31 15:05	buy	1	eurjpypro	113.986	113.954	0	2012.12.31 16:13	113.954	-8	0	0	-3 200
3964264	2012.12.31 07:04	buy	1	eurjpypro	113.63	113.958	0	2012.12.31 15:04	113.958	-8	0	0	32 800
3963329	2012.12.30 23:29	buy	1	eurjpypro	113.744	113.522	0	2012.12.31 06:18	113.522	-8	0	0	-22 200
3963095	2012.12.28 21:39	buy	1	eurjpypro	113.75	113.432	0	2012.12.30 22:02	113.161	-8	0	-140	-58 900
3962475	2012.12.28 15:22	buy	1	eurjpypro	113.86	113.679	0	2012.12.28 21:39	113.679	-8	0	0	-18 100
3962285	2012.12.28 14:35	buy	1	eurjpypro	113.894	113.713	0	2012.12.28 15:16	113.713	-8	0	0	-18 100
3954392	2012.12.24 17:59	buy	0.5	eurjpypro	111.762	112.542	0	2012.12.26 23:00	113.028	-4	0	-350	63 300
3951869	2012.12.24 17:59	buy	0.5	eurjpypro	111.762	112.542	0	2012.12.26 18:27	113.183	-4	0	-140	71 050
3950866	2012.12.24 11:30	buy	1	eurjpypro	111.727	111.73	0	2012.12.24 17:48	111.73	-8	0	0	300
3899944	2012.12.07 11:18	sell	3	eurusdpro	1.2915	0	0	2012.12.07 11:21	1.29216	-24	0	0	-16 311
3899932	2012.12.07 11:12	buy	1	eurusdpro	1.29251	0	0	2012.12.07 11:20	1.29192	-8	0	0	-4 860
3899908	2012.12.07 11:03	sell	1	eurjpypro	106.463	0	106.41	2012.12.07 11:04	106.46	-8	0	0	300
3899811	2012.12.07 10:01	sell	1	eurjpypro	106.59	0	0	2012.12.07 10:06	106.579	-8	0	0	1 100
3899765	2012.12.07 09:50	sell	1	eurjpypro	106.597	0	106.487	2012.12.07 09:59	106.569	-8	0	0	2 800
3899681	2012.12.07 09:24	sell	1	eurjpypro	106.462	106.562	106.362	2012.12.07 09:34	106.562	-8	0	0	-10 000
3899655	2012.12.07 09:18	sell	1	eurjpypro	106.528	0	0	2012.12.07 09:19	106.497	-8	0	0	3 100
3899652	2012.12.07 09:17	buy	1	eurjpypro	106.529	0	0	2012.12.07 09:17	106.54	-8	0	0	1 100
3899610	2012.12.07 09:05	sell	1	eurjpypro	106.492	0	106.4	2012.12.07 09:15	106.54	-8	0	0	-4 800
3899602	2012.12.07 09:03	buy	0.5	eurjpypro	106.541	0	0	2012.12.07 09:10	106.406	-4	0	0	-6 750
3899562	2012.12.07 08:57	sell	0.2	eurjpypro	106.459	0	0	2012.12.07 09:03	106.515	-2	0	0	-1 120
3899494	2012.12.07 08:30	buy	0.5	eurjpypro	106.379	0	0	2012.12.07 08:32	106.382	-4	0	0	150
3899447	2012.12.07 08:27	sell	0.2	eurjpypro	106.271	0	0	2012.12.07 08:30	106.344	-2	0	0	-1 460
3899372	2012.12.07 08:24	sell	0.2	eurusdpro	1.29269	0	0	2012.12.07 08:26	1.29259	-2	0	0	165
3899356	2012.12.07 08:24	sell	0.2	eurusdpro	1.29349	0	0	2012.12.07 08:24	1.29342	-2	0	0	116
3899291	2012.12.07 08:00	buy	0.2	eurjpypro	106.566	106.5	106.666	2012.12.07 08:05	106.621	-2	0	0	1 100
3899228	2012.12.07 07:46	sell	0.2	eurusdpro	1.29358	0	0	2012.12.07 07:57	1.29345	-2	0	0	214
3899168	2012.12.07 07:36	sell	0.2	eurusdpro	1.29404	1.29404	0	2012.12.07 07:43	1.29338	-2	0	0	1 087
3899162	2012.12.07 07:36	sell	0.3	eurusdpro	1.29404	0	0	2012.12.07 07:38	1.29354	-2	0	0	1 235
3899136	2012.12.07 07:33	sell	0.2	eurusdpro	1.29443	0	0	2012.12.07 07:34	1.29405	-2	0	0	626
3898951	2012.12.07 06:29	buy	1	eurusdpro	1.29547	1.2952	1.296	2012.12.07 06:45	1.29573	-8	0	0	2 143
3898930	2012.12.07 06:18	sell	1	eurusdpro	1.29532	0	0	2012.12.07 06:18	1.29547	-8	0	0	-1 236
3898919	2012.12.07 06:11	sell	1	usdjpypro	82.406	82.445	82.365	2012.12.07 06:17	82.445	-8	0	0	-3 900
3898893	2012.12.07 06:04	sell	0.5	usdjpypro	82.382	82.415	82.33	2012.12.07 06:10	82.415	-4	0	0	-1 650
3898853	2012.12.07 05:59	sell	0.1	eurusdpro	1.29575	0	0	2012.12.07 06:01	1.29585	-1	0	0	-83
3898817	2012.12.07 05:49	sell	1	usdjpypro	82.422	0	82.412	2012.12.07 05:58	82.412	-8	0	0	1 000
3898783	2012.12.07 05:26	sell	0.2	usdjpypro	82.469	0	82.44	2012.12.07 05:47	82.459	-2	0	0	200
3898662	2012.12.07 03:57	buy	0.2	eurusdpro	1.29682	0	1.29695	2012.12.07 04:22	1.2969	-2	0	0	132
3895272	2012.12.06 13:41	sell	0.1	eurusdpro	1.30643	0	0	2012.12.06 13:45	1.30626	-1	0	0	140
3895050	2012.12.06 13:05	sell	0.2	usdjpypro	82.324	82.366	82.274	2012.12.06 13:24	82.366	-2	0	0	-840
3895026	2012.12.06 13:02	buy	0.1	eurusdpro	1.30818	0	0	2012.12.06 13:03	1.30823	-1	0	0	41
3894958	2012.12.06 12:50	buy	1	eurusdpro	1.30706	0	0	2012.12.06 12:54	1.3076	-8	0	0	4 447
3894947	2012.12.06 12:46	sell	0.2	eurusdpro	1.30633	0	0	2012.12.06 12:54	1.30766	-2	0	0	-2 191
3894928	2012.12.06 12:44	sell	0.2	eurusdpro	1.30584	1.30725	0	2012.12.06 12:45	1.30645	-2	0	0	-1 005
3894461	2012.12.06 10:07	sell	0.1	eurusdpro	1.30765	1.30765	1.3065	2012.12.06 10:55	1.30765	-1	0	0	0
3894416	2012.12.06 10:07	sell	0.1	eurusdpro	1.30765	1.3081	1.3061	2012.12.06 10:28	1.30708	-1	0	0	469
3893894	2012.12.06 07:53	buy	0.2	usdjpypro	82.42	82.387	82.465	2012.12.06 07:56	82.433	-2	0	0	260
3893869	2012.12.06 07:45	sell	0.5	usdjpypro	82.424	0	0	2012.12.06 07:51	82.418	-4	0	0	300
3893751	2012.12.06 07:15	sell	0.2	eurusdpro	1.30554	0	0	2012.12.06 07:17	1.30526	-2	0	0	461
3893740	2012.12.06 07:11	sell	0.2	usdjpypro	82.447	0	82.41	2012.12.06 07:20	82.416	-2	0	0	620
3893727	2012.12.06 07:02	buy	0.2	eurusdpro	1.30573	1.3053	1.306	2012.12.06 07:13	1.30554	-2	0	0	-313
3889721	2012.12.05 09:07	sell	0.2	usdjpypro	82.198	0	0	2012.12.05 09:21	82.258	-2	0	0	-1 200
3889566	2012.12.05 08:50	sell	0.2	usdjpypro	82.229	0	0	2012.12.05 09:00	82.243	-2	0	0	-280
3889250	2012.12.05 06:23	buy	0.1	eurusdpro	1.31104	1.31104	1.31165	2012.12.05 07:07	1.31165	-1	0	0	503
3889152	2012.12.05 06:23	buy	0.1	eurusdpro	1.31104	1.3103	1.31165	2012.12.05 07:01	1.31134	-1	0	0	247
3888924	2012.12.05 04:30	sell	0.1	usdjpypro	82.235	82.27	82.18	2012.12.05 04:49	82.18	-1	0	0	550
3888902	2012.12.05 04:35	sell	0.2	eurusdpro	1.31162	1.312	1.311	2012.12.05 04:51	1.31155	-2	0	0	115
3888891	2012.12.05 04:30	sell	0.1	usdjpypro	82.235	82.27	82.18	2012.12.05 04:46	82.209	-1	0	0	260
3885436	2012.12.04 08:16	buy	0.2	usdjpypro	81.91	81.91	81.965	2012.12.04 08:32	81.96	-2	0	0	1 000
3885362	2012.12.04 08:02	sell	0.2	usdjpypro	81.88	0	81.835	2012.12.04 08:12	81.927	-2	0	0	-940
3885328	2012.12.04 07:58	sell	0.2	usdjpypro	81.947	0	81.905	2012.12.04 08:00	81.946	-2	0	0	20
3885279	2012.12.04 07:50	sell	0.2	usdjpypro	81.977	0	0	2012.12.04 07:55	81.954	-2	0	0	460
3885268	2012.12.04 07:49	sell	0.2	usdjpypro	82.036	0	0	2012.12.04 07:50	82.003	-2	0	0	660
3885235	2012.12.04 07:42	buy	0.2	eurusdpro	1.30736	0	0	2012.12.04 07:48	1.30679	-2	0	0	-935
3885116	2012.12.04 06:56	sell	0.2	eurusdpro	1.30649	0	0	2012.12.04 07:03	1.30713	-2	0	0	-1 050
3878646	2012.11.30 15:26	buy	0.2	usdjpypro	82.49	82.495	83.575	2012.11.30 15:42	82.54	-2	0	0	1 000
3878571	2012.11.30 15:26	buy	0.3	usdjpypro	82.49	82.495	83.575	2012.11.30 15:41	82.56	-2	0	0	2 100
3878539	2012.11.30 15:19	buy	0.2	eurusdpro	1.30154	0	0	2012.11.30 15:21	1.30189	-2	0	0	578
3878424	2012.11.30 15:11	sell	0.1	eurusdpro	1.30134	1.3019	1.3011	2012.11.30 15:13	1.30176	-1	0	0	-347
3878383	2012.11.30 15:07	sell	0.2	usdjpypro	82.454	0	0	2012.11.30 15:07	82.445	-2	0	0	180
3878317	2012.11.30 15:02	buy	0.2	usdjpypro	82.535	0	0	2012.11.30 15:02	82.545	-2	0	0	200
3878195	2012.11.30 14:51	sell	0.2	usdjpypro	82.575	82.625	82.505	2012.11.30 14:57	82.524	-2	0	0	1 020
3878146	2012.11.30 14:45	sell	0.2	usdjpypro	82.625	0	0	2012.11.30 14:46	82.6	-2	0	0	500
3878142	2012.11.30 14:44	buy	0.2	usdjpypro	82.648	0	0	2012.11.30 14:45	82.618	-2	0	0	-600
3878086	2012.11.30 14:26	buy	0.2	eurusdpro	1.29865	1.2974	0	2012.11.30 14:40	1.29928	-2	0	0	1 041
3877231	2012.11.30 10:21	buy	0.5	eurusdpro	1.30044	0	0	2012.11.30 10:22	1.30002	-4	0	0	-1 735
3877204	2012.11.30 10:06	sell	0.5	eurusdpro	1.29933	0	0	2012.11.30 10:19	1.30026	-4	0	0	-3 842
3877058	2012.11.30 09:45	sell	0.5	eurusdpro	1.3003	0	1.2999	2012.11.30 09:46	1.3	-4	0	0	1 239
3876668	2012.11.30 07:42	buy	0.5	eurusdpro	1.30183	0	0	2012.11.30 07:44	1.30213	-4	0	0	1 239
3876618	2012.11.30 07:19	sell	0.5	eurusdpro	1.30203	0	0	2012.11.30 07:35	1.30206	-4	0	0	-124
3876609	2012.11.30 07:17	sell	0.2	usdjpypro	82.518	0	0	2012.11.30 07:19	82.495	-2	0	0	460
3876175	2012.11.30 05:01	sell	0.5	usdjpypro	82.397	82.497	82.3	2012.11.30 07:08	82.497	-4	0	0	-5 000
3874003	2012.11.29 15:12	sell	0.5	eurusdpro	1.29785	0	0	2012.11.29 15:13	1.29838	-4	0	0	-2 173
3873946	2012.11.29 15:02	buy	2	eurusdpro	1.30124	1.3	0	2012.11.29 15:08	1.3	-16	0	0	-20 325
3873936	2012.11.29 15:02	buy	2	eurusdpro	1.30106	0	0	2012.11.29 15:02	1.30109	-16	0	0	492
3873904	2012.11.29 14:59	buy	2	eurusdpro	1.30072	0	0	2012.11.29 15:00	1.30009	-16	0	0	-10 334
3873864	2012.11.29 14:50	sell	0.5	eurusdpro	1.29985	0	0	2012.11.29 14:54	1.2996	-4	0	0	1 024
3873823	2012.11.29 14:36	sell	0.5	usdjpypro	81.944	82.01	81.8	2012.11.29 14:49	81.964	-4	0	0	-1 000
3873744	2012.11.29 14:07	sell	3	eurusdpro	1.29855	0	0	2012.11.29 14:19	1.29955	-24	0	0	-24 622
3873680	2012.11.29 13:47	sell	1	eurusdpro	1.29894	0	1.2975	2012.11.29 13:52	1.29912	-8	0	0	-1 477
3873656	2012.11.29 13:35	buy	1	eurusdpro	1.2999	1.299	0	2012.11.29 13:40	1.29934	-8	0	0	-4 599
3873640	2012.11.29 13:33	buy	1	eurusdpro	1.29964	1.2989	0	2012.11.29 13:34	1.29964	-8	0	0	0
3873614	2012.11.29 13:30	sell	0.5	usdjpypro	82.115	82.155	0	2012.11.29 14:21	82.056	-4	0	0	2 950
3873555	2012.11.29 13:30	sell	1	usdjpypro	82.09	82.16	81.9	2012.11.29 13:30	82.16	-8	0	0	-7 000
3869913	2012.11.28 14:02	sell	2	eurusdpro	1.28915	0	1.28875	2012.11.28 14:13	1.28894	-16	0	0	3 437
3869891	2012.11.28 13:58	buy	2	eurusdpro	1.28953	0	0	2012.11.28 14:00	1.28941	-16	0	0	-1 964
3869837	2012.11.28 13:40	buy	1	eurusdpro	1.28927	0	0	2012.11.28 13:41	1.28896	-8	0	0	-2 537
3869741	2012.11.28 13:20	buy	1	usdjpypro	81.854	0	81.854	2012.11.28 13:22	81.83	-8	0	0	-2 400
3869630	2012.11.28 12:48	sell	2	eurjpypro	105.502	105.583	0	2012.11.28 15:32	105.583	-16	0	0	-16 200
3869357	2012.11.28 11:20	buy	0.5	eurusdpro	1.29051	0	0	2012.11.28 11:20	1.29052	-4	0	0	41
3869256	2012.11.28 11:07	sell	2	eurjpypro	105.684	106.272	0	2012.11.28 11:27	105.657	-16	0	0	5 400
3869255	2012.11.28 11:07	sell	2	eurjpypro	105.684	105.647	0	2012.11.28 12:07	105.647	-16	0	0	7 400
3868415	2012.11.28 04:30	sell	2	eurjpypro	105.876	106.017	0	2012.11.28 08:08	106.017	-16	0	0	-28 200
3868414	2012.11.28 04:30	sell	2	eurjpypro	105.876	105.862	0	2012.11.28 09:52	105.862	-16	0	0	2 800
3867117	2012.11.27 17:17	sell	4	usdjpypro	82.217	0	0	2012.11.27 17:21	82.233	-32	0	0	-6 400
3867086	2012.11.27 17:02	buy	2	usdjpypro	82.253	0	0	2012.11.27 17:30	82.235	-16	0	0	-3 600
3867035	2012.11.27 16:16	sell	0.5	eurusdpro	1.29295	0	0	2012.11.27 16:25	1.29308	-4	0	0	-535
3866955	2012.11.27 15:33	sell	0.5	eurusdpro	1.29171	0	0	2012.11.27 15:45	1.2924	-4	0	0	-2 837
3866875	2012.11.27 15:15	sell	1	eurusdpro	1.29226	0	1.292	2012.11.27 15:31	1.29212	-8	0	0	1 151
3863349	2012.11.26 15:38	buy	1	usdjpypro	82.13	82.106	82.175	2012.11.26 15:55	82.16	-8	0	0	3 000
3863273	2012.11.26 15:15	sell	2	eurusdpro	1.29674	0	0	2012.11.26 15:16	1.29647	-16	0	0	4 438
3863185	2012.11.26 14:51	buy	3	eurusdpro	1.29677	0	1.297	2012.11.26 15:01	1.2968	-24	0	0	740
3863157	2012.11.26 14:26	sell	3	eurusdpro	1.29627	0	1.29575	2012.11.26 14:38	1.29575	-24	0	0	12 809
3863149	2012.11.26 14:26	sell	2	eurusdpro	1.29627	0	1.29575	2012.11.26 14:30	1.29599	-16	0	0	4 600
3863089	2012.11.26 14:05	sell	2	eurusdpro	1.29674	0	0	2012.11.26 14:15	1.2969	-16	0	0	-2 629
3863055	2012.11.26 13:48	buy	1	eurusdpro	1.29734	0	1.29736	2012.11.26 14:11	1.29662	-8	0	0	-5 913
3863040	2012.11.26 13:44	buy	1	eurusdpro	1.29673	0	0	2012.11.26 13:45	1.29687	-8	0	0	1 149
3862971	2012.11.26 13:00	buy	1	eurusdpro	1.29614	1.29615	0	2012.11.26 13:27	1.29615	-8	0	0	83
3862899	2012.11.26 12:35	sell	1	eurusdpro	1.29603	0	0	2012.11.26 12:37	1.296	-8	0	0	246
3862379	2012.11.26 10:10	sell	0.5	eurusdpro	1.29524	0	0	2012.11.26 10:16	1.29623	-4	0	0	-4 060
3862277	2012.11.26 09:17	buy	0.5	eurusdpro	1.29553	1.29553	1.297	2012.11.26 09:33	1.29584	-4	0	0	1 272
3862229	2012.11.26 09:17	buy	0.5	eurusdpro	1.29553	1.2944	0	2012.11.26 09:25	1.29658	-4	0	0	4 309
3862033	2012.11.26 08:59	sell	1	usdjpypro	81.964	0	81.82	2012.11.26 09:15	82.026	-8	0	0	-6 200
3861965	2012.11.26 08:49	sell	1	usdjpypro	82.081	0	0	2012.11.26 08:52	82.021	-8	0	0	6 000
3861917	2012.11.26 08:43	sell	1	eurusdpro	1.29603	0	0	2012.11.26 08:45	1.29605	-8	0	0	-164
3861583	2012.11.26 07:58	buy	1	eurusdpro	1.29754	0	0	2012.11.26 08:00	1.29699	-8	0	0	-4 520
3861530	2012.11.26 07:50	sell	0.5	eurusdpro	1.29689	0	1.29615	2012.11.26 08:14	1.29724	-4	0	0	-1 437
3861472	2012.11.26 07:43	sell	0.2	eurusdpro	1.29715	0	0	2012.11.26 07:44	1.29739	-2	0	0	-395
3861315	2012.11.26 07:20	buy	0.3	eurusdpro	1.29651	1.2973	0	2012.11.26 07:43	1.29745	-2	0	0	2 319
3861251	2012.11.26 07:20	buy	0.2	eurusdpro	1.29651	0	0	2012.11.26 07:29	1.29724	-2	0	0	1 201
3858521	2012.11.22 14:21	buy	0.5	usdjpypro	82.3	81.92	82.5	2012.11.26 23:39	81.92	-4	0	-15	-19 000
3858445	2012.11.23 17:41	buy	0.5	eurjpypro	106.924	0	107.024	2012.11.23 19:00	106.945	-4	0	0	1 050
3851887	2012.11.22 04:40	buy	1	usdjpypro	82.412	82.412	82.492	2012.11.22 05:34	82.412	-8	0	0	0
3851693	2012.11.22 03:47	buy	0.5	usdjpypro	82.458	0	0	2012.11.22 03:59	82.424	-4	0	0	-1 700
3851655	2012.11.22 14:21	buy	0.5	usdjpypro	82.3	81.92	82.455	2012.11.23 18:26	82.402	-4	0	-5	5 100
3848834	2012.11.21 07:52	buy	0.2	usdjpypro	82.08	82.08	82.38	2012.11.21 10:56	82.289	-1	0	0	4 180
3848524	2012.11.21 07:52	buy	0.1	usdjpypro	82.08	82.08	82.38	2012.11.21 10:54	82.283	-1	0	0	2 030
3847959	2012.11.21 07:52	buy	0.2	usdjpypro	82.08	81.98	82.38	2012.11.21 09:28	82.243	-2	0	0	3 260
3847902	2012.11.21 07:46	buy	0.5	usdjpypro	82.066	82	82.2	2012.11.21 07:51	82.07	-4	0	0	200
3847635	2012.11.21 06:46	sell	0.5	usdjpypro	81.846	81.915	81.776	2012.11.21 07:30	81.915	-4	0	0	-3 450
3847247	2012.11.21 04:47	sell	0.5	usdjpypro	81.793	81.85	81.72	2012.11.21 05:31	81.85	-4	0	0	-2 850
3847167	2012.11.21 04:39	buy	0.5	usdjpypro	81.844	81.77	0	2012.11.21 04:45	81.804	-4	0	0	-2 000
3846774	2012.11.21 04:14	sell	0.2	usdjpypro	81.759	81.855	0	2012.11.21 04:22	81.823	-2	0	0	-1 280
3846463	2012.11.21 03:37	sell	0.3	eurusdpro	1.27897	1.27884	0	2012.11.21 04:30	1.27568	-2	0	0	8 080
3846228	2012.11.21 03:37	sell	0.2	eurusdpro	1.27897	1.27884	0	2012.11.21 03:54	1.27647	-2	0	0	4 093
3846192	2012.11.21 03:34	sell	0.5	eurusdpro	1.2793	0	0	2012.11.21 03:35	1.27912	-4	0	0	738
3846174	2012.11.21 03:34	sell	0.5	eurusdpro	1.27959	0	0	2012.11.21 03:34	1.28	-4	0	0	-1 680
3846150	2012.11.21 03:33	buy	0.5	eurusdpro	1.28191	0	0	2012.11.21 03:33	1.28104	-4	0	0	-3 564
3845023	2012.11.20 17:52	buy	1	eurusdpro	1.28098	0	0	2012.11.20 18:01	1.28053	-8	0	0	-3 678
3844897	2012.11.20 17:22	sell	0.5	eurusdpro	1.28056	1.28165	1.26965	2012.11.20 18:15	1.28027	-4	0	0	1 185
3844780	2012.11.20 16:46	buy	0.5	eurusdpro	1.28128	1.2805	1.2829	2012.11.20 17:17	1.28104	-4	0	0	-981
3844744	2012.11.20 16:28	buy	0.5	usdjpypro	81.751	81.7	0	2012.11.20 17:11	81.7	-4	0	0	-2 550
3844727	2012.11.20 16:22	buy	0.5	usdjpypro	81.73	81.7	0	2012.11.20 17:11	81.7	-4	0	0	-1 500
3844679	2012.11.20 16:05	sell	0.5	usdjpypro	81.715	82.795	81.585	2012.11.20 17:11	81.709	-4	0	0	300
3844595	2012.11.20 15:33	sell	0.5	usdjpypro	81.678	81.734	81.585	2012.11.20 15:57	81.716	-4	0	0	-1 900
3843286	2012.11.20 07:32	buy	0.2	usdjpypro	81.168	81.25	81.4	2012.11.20 10:19	81.382	-1	0	0	4 280
3843006	2012.11.20 07:32	buy	0.1	usdjpypro	81.168	81.178	81.4	2012.11.20 10:11	81.339	-1	0	0	1 710
3843004	2012.11.20 08:20	sell	0.3	eurusdpro	1.28122	1.28122	1.2774	2012.11.20 10:24	1.28122	-2	0	0	0
3842844	2012.11.20 08:20	sell	0.2	eurusdpro	1.28122	1.28225	1.2774	2012.11.20 08:52	1.27871	-2	0	0	4 077
3842554	2012.11.20 07:32	buy	0.2	usdjpypro	81.168	81.178	81.3	2012.11.20 08:53	81.238	-2	0	0	1 400
3842277	2012.11.20 03:44	sell	0.3	eurusdpro	1.28051	1.2801	1.2775	2012.11.20 07:08	1.2801	-2	0	0	1 000
3842056	2012.11.20 03:44	sell	0.2	eurusdpro	1.28051	1.2825	1.27801	2012.11.20 06:07	1.27869	-2	0	0	2 960
3841993	2012.11.20 03:21	sell	0.5	eurusdpro	1.28067	1.2825	0	2012.11.20 03:39	1.2806	-4	0	0	284
3839409	2012.11.19 17:57	buy	0.2	eurusdpro	1.28008	1.2786	1.2822	2012.11.19 22:10	1.2786	-2	0	-26	-2 409
3839388	2012.11.19 17:47	buy	0.2	usdjpypro	81.2	81.085	81.3	2012.11.19 19:56	81.3	-2	0	0	2 000
3838000	2012.11.19 10:29	buy	0.5	usdjpypro	81.197	81.097	81.27	2012.11.19 11:10	81.227	-4	0	0	1 500
3837935	2012.11.19 10:10	sell	0.5	usdjpypro	81.298	81.398	81.255	2012.11.19 10:19	81.263	-4	0	0	1 750
3837690	2012.11.19 08:46	sell	0.5	eurusdpro	1.27774	1.2805	1.276	2012.11.19 10:23	1.27726	-4	0	0	1 949
3837624	2012.11.19 08:32	buy	0.5	usdjpypro	81.206	81.1	81.306	2012.11.19 08:44	81.239	-4	0	0	1 650
3836998	2012.11.19 06:34	sell	0.5	eurusdpro	1.27661	1.27805	1.27101	2012.11.19 07:20	1.27658	-4	0	0	122
3836775	2012.11.19 04:50	sell	1	usdjpypro	81.166	81.235	81.156	2012.11.19 04:52	81.193	-8	0	0	-2 700
3836706	2012.11.19 04:27	buy	0.5	usdjpypro	81.164	80.83	0	2012.11.19 04:34	81.165	-4	0	0	50
3836664	2012.11.19 04:10	sell	0.5	eurusdpro	1.27652	1.27805	1.271	2012.11.19 08:28	1.27623	-4	0	0	1 178
3836643	2012.11.19 03:54	buy	0.5	usdjpypro	81.244	80.83	81.456	2012.11.19 07:58	81.283	-4	0	0	1 950
3836612	2012.11.19 03:50	sell	0.5	eurusdpro	1.27638	1.27805	1.271	2012.11.19 08:01	1.27627	-4	0	0	447
3836572	2012.11.19 03:26	sell	0.5	eurusdpro	1.27704	1.2805	1.27672	2012.11.19 03:30	1.27672	-4	0	0	1 300
3836524	2012.11.19 03:04	sell	0.5	eurusdpro	1.27672	1.2805	1.27672	2012.11.19 03:30	1.27672	-4	0	0	0
3833652	2012.11.16 14:21	buy	0.5	usdjpypro	81.166	0	81.186	2012.11.16 14:25	81.186	-4	0	0	1 000
3832532	2012.11.16 08:53	sell	0.5	usdjpypro	80.997	81.08	80.886	2012.11.16 09:16	80.99	-4	0	0	350
3832463	2012.11.16 08:33	buy	1	usdjpypro	80.967	80.868	81.567	2012.11.16 08:50	81.001	-8	0	0	3 400
3832236	2012.11.16 07:42	buy	0.5	usdjpypro	81.136	0	0	2012.11.16 07:47	81.094	-4	0	0	-2 100
3832210	2012.11.16 07:37	sell	0.5	usdjpypro	81.119	81.219	81.019	2012.11.16 08:15	81.019	-4	0	0	5 000
3829832	2012.11.15 14:55	sell	0.5	usdjpypro	81.225	81.235	80.8	2012.11.15 18:56	81.235	-4	0	0	-500
3829494	2012.11.15 14:55	sell	0.5	usdjpypro	81.225	81.27	80.125	2012.11.15 15:45	81.145	-4	0	0	4 000
3829428	2012.11.15 14:41	sell	0.5	usdjpypro	81.259	81.305	81.2	2012.11.15 14:47	81.305	-4	0	0	-2 300
3829283	2012.11.15 14:05	sell	1	usdjpypro	81.335	81.305	81.2	2012.11.15 14:47	81.305	-8	0	0	3 000
3829265	2012.11.15 13:59	buy	0.5	usdjpypro	81.379	81	81.4	2012.11.15 14:04	81.343	-4	0	0	-1 800
3829263	2012.11.15 13:58	sell	0.5	usdjpypro	81.377	0	0	2012.11.15 14:03	81.369	-4	0	0	400
3829114	2012.11.15 13:32	sell	0.5	usdjpypro	81.284	81.37	0	2012.11.15 13:35	81.325	-4	0	0	-2 050
3828927	2012.11.15 12:54	buy	0.5	usdjpypro	81.236	81.266	82.336	2012.11.15 13:30	81.266	-4	0	0	1 500
3828925	2012.11.15 12:52	sell	0.5	usdjpypro	81.227	0	0	2012.11.15 12:58	81.226	-4	0	0	50
3828885	2012.11.15 12:34	buy	0.5	usdjpypro	81.276	81.17	81.3	2012.11.15 12:52	81.225	-4	0	0	-2 550
3825189	2012.11.14 17:15	sell	1	usdjpypro	80.164	0	80.144	2012.11.14 17:25	80.197	-8	0	0	-3 300
3824936	2012.11.14 16:07	buy	0.5	eurjpypro	102.182	102.189	102.382	2012.11.14 16:34	102.189	-4	0	0	350
3824267	2012.11.14 13:49	buy	0.5	usdjpypro	80.276	80.1	80.3	2012.11.14 14:27	80.3	-4	0	0	1 200
3811148	2012.11.09 16:42	buy	5	usdjpypro	79.47	79.47	79.5	2012.11.09 16:47	79.47	-40	0	0	0
3811060	2012.11.09 15:57	buy	5	usdjpypro	79.511	79.43	79.515	2012.11.09 16:21	79.449	-40	0	0	-31 000
3811029	2012.11.09 15:48	buy	5	usdjpypro	79.499	79.4	79.52	2012.11.09 15:52	79.52	-40	0	0	10 500
3810987	2012.11.09 15:34	buy	5	usdjpypro	79.422	79.43	79.56	2012.11.09 15:39	79.43	-40	0	0	4 000
3810966	2012.11.09 15:28	buy	5	usdjpypro	79.421	79.421	0	2012.11.09 15:31	79.421	-40	0	0	0
3810598	2012.11.09 13:37	buy	4	usdjpypro	79.264	79.13	0	2012.11.09 13:40	79.24	-32	0	0	-9 600
3810235	2012.11.09 12:31	sell	2	usdjpypro	79.086	79.27	79	2012.11.09 13:37	79.27	-16	0	0	-36 800
3809747	2012.11.09 10:37	sell	1	usdjpypro	79.277	79.251	78.9	2012.11.09 10:45	79.251	-8	0	0	2 600
3806489	2012.11.08 16:50	sell	1	usdjpypro	79.721	79.754	79.681	2012.11.08 16:54	79.754	-8	0	0	-3 300
3806346	2012.11.08 16:16	sell	1	usdjpypro	79.733	79.81	79.683	2012.11.08 16:18	79.707	-8	0	0	2 600
3804102	2012.11.08 09:20	buy	1	usdjpypro	79.925	79.891	79.945	2012.11.08 09:26	79.938	-8	0	0	1 300
3801319	2012.11.07 17:01	sell	1	usdjpypro	79.823	79.886	79.79	2012.11.07 17:06	79.79	-8	0	0	3 300
3800330	2012.11.07 13:43	sell	1	usdjpypro	79.946	80.016	79.861	2012.11.07 15:06	79.861	-8	0	0	8 500
3799900	2012.11.07 12:55	buy	1	usdjpypro	80.105	79.985	80.28	2012.11.07 13:43	79.985	-8	0	0	-12 000
3799251	2012.11.07 12:20	sell	1	usdjpypro	80.054	80.046	0	2012.11.07 12:22	80.046	-8	0	0	800
3799096	2012.11.07 12:12	sell	1	usdjpypro	80.043	80.038	0	2012.11.07 12:15	80.038	-8	0	0	500
3790845	2012.11.05 17:16	buy	0.5	usdjpypro	80.272	80.072	80.55	2012.11.06 04:28	80.072	-4	0	-75	-10 000
3779553	2012.11.01 11:29	buy	2	eurjpypro	103.659	103.66	0	2012.11.01 15:52	103.66	-16	0	0	200
3779390	2012.11.01 11:05	buy	2	eurjpypro	103.635	103.135	0	2012.11.01 11:05	103.637	-16	0	0	400
3778177	2012.11.01 06:15	buy	2	eurjpypro	103.782	103.277	0	2012.11.01 07:30	103.53	-16	0	0	-50 400
3775436	2012.10.31 10:30	buy	1	eurjpypro	103.817	103.404	0	2012.10.31 15:00	103.52	-8	0	0	-29 700
3765583	2012.10.26 15:01	sell	5	usdjpypro	79.545	79.565	79.525	2012.10.26 15:03	79.565	-40	0	0	-10 000
3765255	2012.10.26 14:01	sell	10	usdjpypro	79.497	0	0	2012.10.26 14:04	79.58	-80	0	0	-83 000
3765240	2012.10.26 14:00	sell	10	usdjpypro	79.547	79.574	79.54	2012.10.26 14:01	79.54	-80	0	0	7 000
3765213	2012.10.26 13:53	sell	10	usdjpypro	79.563	0	79.585	2012.10.26 13:55	79.646	-80	0	0	-83 000
3764891	2012.10.26 13:00	sell	5	usdjpypro	79.836	79.833	77	2012.10.26 13:15	79.833	-40	0	0	1 500
3764865	2012.10.26 12:55	sell	5	usdjpypro	79.88	79.837	79.8	2012.10.26 12:57	79.837	-40	0	0	21 500
3764857	2012.10.26 12:49	buy	5	usdjpypro	79.915	79.845	79.98	2012.10.26 12:56	79.845	-40	0	0	-35 000
3764604	2012.10.26 12:30	buy	5	usdjpypro	79.925	79.845	79.965	2012.10.26 12:46	79.944	-40	0	0	9 500
3764541	2012.10.26 12:24	sell	5	usdjpypro	79.87	79.89	79.8	2012.10.26 12:30	79.89	-40	0	0	-10 000
3764538	2012.10.26 12:03	buy	5	usdjpypro	79.91	79.889	79.93	2012.10.26 12:06	79.889	-40	0	0	-10 500
3764512	2012.10.26 11:45	buy	5	usdjpypro	79.845	79.854	79.893	2012.10.26 11:54	79.893	-40	0	0	24 000
3764487	2012.10.26 11:32	sell	5	usdjpypro	79.79	79.81	79.77	2012.10.26 11:33	79.81	-40	0	0	-10 000
3764477	2012.10.26 11:24	buy	5	usdjpypro	79.805	79.812	79.83	2012.10.26 11:26	79.83	-40	0	0	12 500
3764468	2012.10.26 11:11	sell	5	usdjpypro	79.81	79.796	79.67	2012.10.26 11:17	79.796	-40	0	0	7 000
3764394	2012.10.26 10:58	buy	5	usdjpypro	79.813	0	0	2012.10.26 11:00	79.823	-40	0	0	5 000
3764370	2012.10.26 10:51	sell	2	usdjpypro	79.733	79.833	79.69	2012.10.26 11:00	79.833	-16	0	0	-20 000
3763822	2012.10.26 09:37	buy	5	usdjpypro	79.99	79.83	80.1	2012.10.26 10:41	79.83	-40	0	0	-80 000
3763729	2012.10.26 09:08	buy	10	usdjpypro	79.99	0	80.005	2012.10.26 09:13	80.005	-80	0	0	15 000
3763273	2012.10.26 06:44	buy	2	usdjpypro	79.904	79.83	80.35	2012.10.26 10:41	79.83	-16	0	0	-14 800
3761358	2012.10.25 16:56	buy	3	usdjpypro	80.182	80.183	0	2012.10.25 17:04	80.183	-24	0	0	300
3761334	2012.10.25 16:39	buy	3	usdjpypro	80.127	80.13	80.197	2012.10.25 16:45	80.13	-24	0	0	900
3761223	2012.10.25 15:45	buy	3	usdjpypro	80.059	80.06	81	2012.10.25 16:05	80.06	-24	0	0	300
3760889	2012.10.25 14:50	buy	5	usdjpypro	80.167	80.171	80.3	2012.10.25 15:23	80.171	-40	0	0	2 000
3760579	2012.10.25 13:31	buy	5	usdjpypro	80.285	0	80.288	2012.10.25 13:34	80.288	-40	0	0	1 500
3760495	2012.10.25 12:56	buy	10	usdjpypro	80.193	0	80.203	2012.10.25 13:04	80.203	-80	0	0	10 000
3760052	2012.10.25 10:44	buy	10	usdjpypro	80.124	80.1	80.144	2012.10.25 11:00	80.1	-80	0	0	-24 000
3759824	2012.10.25 09:08	buy	10	usdjpypro	80.18	80.12	80.19	2012.10.25 09:50	80.12	-80	0	0	-60 000
3759426	2012.10.25 08:10	buy	10	usdjpypro	80.121	0	80.141	2012.10.25 08:14	80.141	-80	0	0	20 000
3759066	2012.10.25 07:04	buy	10	usdjpypro	80.116	0	80.13	2012.10.25 07:08	80.13	-80	0	0	14 000
3756860	2012.10.24 15:50	buy	10	usdjpypro	79.82	79.77	79.84	2012.10.24 16:34	79.84	-80	0	0	20 000
3755193	2012.10.24 08:52	sell	2	usdjpypro	79.767	79.817	79.725	2012.10.24 09:18	79.817	-16	0	0	-10 000
3754407	2012.10.24 08:00	sell	1	eurjpypro	103.35	103.491	0	2012.10.24 12:20	103.491	-8	0	0	-14 100
3751962	2012.10.23 14:37	buy	2	usdjpypro	79.815	79.765	79.865	2012.10.23 14:39	79.765	-16	0	0	-10 000
3751571	2012.10.23 13:36	buy	10	usdjpypro	79.84	0	79.86	2012.10.23 13:47	79.86	-80	0	0	20 000
3747440	2012.10.22 16:00	buy	0.5	eurjpypro	104.304	104.104	104.504	2012.10.22 23:42	104.504	-4	0	-45	10 000
3747310	2012.10.22 15:18	buy	2	usdjpypro	79.81	79.915	80	2012.10.22 22:23	79.915	-16	0	-300	21 000
3744086	2012.10.19 16:21	sell	1	eurjpypro	103.3	103.42	103.2	2012.10.19 18:55	103.2	-8	0	0	10 000
3744067	2012.10.19 16:09	sell	1	eurjpypro	103.242	103.229	103.142	2012.10.19 16:15	103.229	-8	0	0	1 300
3744040	2012.10.19 15:59	buy	1	eurjpypro	103.194	103.202	103.254	2012.10.19 16:00	103.202	-8	0	0	800
3743977	2012.10.19 15:49	sell	1	eurjpypro	103.296	103.267	103.196	2012.10.19 15:50	103.267	-8	0	0	2 900
3743336	2012.10.19 12:57	buy	1	eurjpypro	103.553	103.353	103.6	2012.10.19 14:13	103.353	-8	0	0	-20 000
3742922	2012.10.19 11:09	sell	1	eurjpypro	103.246	103.346	103.2	2012.10.19 11:15	103.2	-8	0	0	4 600
3742713	2012.10.19 09:53	buy	1	eurjpypro	103.436	103.336	103.8	2012.10.19 11:02	103.336	-8	0	0	-10 000
3742649	2012.10.19 09:16	buy	1	eurjpypro	103.608	103.47	103.708	2012.10.19 09:41	103.47	-8	0	0	-13 800
3737706	2012.10.18 04:11	buy	1	usdjpypro	79.12	79.839	80	2012.10.22 11:31	79.839	-8	0	-300	71 900
3737704	2012.10.18 04:09	buy	0.1	usdjpypro	79.12	78.62	80.12	2012.10.18 04:18	79.124	-1	0	0	40
3726728	2012.10.15 08:31	sell	1	eurjpypro	101.923	102.2	101.723	2012.10.15 12:30	102.2	-8	0	0	-27 700
3726057	2012.10.15 06:55	sell	1	usdjpypro	78.565	78.665	78.365	2012.10.15 07:30	78.625	-8	0	0	-6 000
3725741	2012.10.15 05:51	sell	1	usdjpypro	78.554	78.54	78.39	2012.10.15 06:43	78.54	-8	0	0	1 400
3722369	2012.10.12 07:38	sell	1	eurjpypro	101.74	101.64	101.54	2012.10.12 09:16	101.64	-8	0	0	10 000
3716567	2012.10.10 19:33	sell	1	eurjpypro	100.757	101.257	0	2012.10.11 10:51	101.257	-8	0	-540	-50 000
3711956	2012.10.09 19:00	sell	1	eurjpypro	100.749	101.128	0	2012.10.10 14:26	101.128	-8	0	-180	-37 900
3687826	2012.10.01 23:08	buy	2	eurjpypro	100.601	101.921	0	2012.10.05 03:44	101.921	-16	0	-900	264 000
3577305	2012.09.05 07:14	sell	2	eurjpypro	98.263	98.763	0	2012.09.05 12:06	98.763	-16	0	0	-100 000
3565055	2012.08.31 15:37	buy	2	eurjpypro	98.595	97.633	0	2012.08.31 16:00	98.489	-16	0	0	-21 200
3529734	2012.08.22 15:18	buy	1	eurjpypro	98.766	98.2	0	2012.08.24 11:23	98.2	-8	0	-360	-56 600
3528665	2012.08.22 13:48	buy	1	eurjpypro	98.777	98.65	98.78	2012.08.22 14:59	98.78	-8	0	0	300
3512297	2012.08.16 23:43	buy	1	eurjpypro	97.993	98.6	99.2	2012.08.22 11:21	98.6	-8	0	-270	60 700
3512296	2012.08.16 23:43	buy	1	eurjpypro	97.993	97.7	98.4	2012.08.21 07:29	98.4	-8	0	-180	40 700
3509471	2012.08.16 11:46	sell	1	eurjpypro	97.269	0	97.268	2012.08.16 11:47	97.3	-8	0	0	-3 100
3506675	2012.08.15 18:06	buy	1	eurjpypro	96.965	97.28	0	2012.08.16 11:44	97.28	-8	0	-270	31 500
3506674	2012.08.15 18:06	buy	1	eurjpypro	96.965	97.28	0	2012.08.16 11:44	97.28	-8	0	-270	31 500
3505651	2012.08.15 12:57	buy	1	eurjpypro	96.625	96.625	0	2012.08.15 12:58	96.625	-8	0	0	0
3505645	2012.08.15 12:56	sell	1	eurjpypro	96.582	0	96.609	2012.08.15 12:58	96.609	-8	0	0	-2 700
3505588	2012.08.15 12:49	buy	1	eurjpypro	96.676	96.676	0	2012.08.15 12:51	96.676	-8	0	0	0
3503572	2012.08.15 03:34	buy	1	eurjpypro	97.087	0	0	2012.08.15 12:45	96.6	-8	0	0	-48 700
3500960	2012.08.14 11:34	buy	1	eurjpypro	97.005	97.1	0	2012.08.15 02:17	97.1	-8	0	-90	9 500
3500959	2012.08.14 11:34	buy	1	eurjpypro	97.005	97.1	0	2012.08.15 02:17	97.1	-8	0	-90	9 500
3481915	2012.08.09 10:34	sell	1	eurjpypro	96.52	96.54	96.509	2012.08.09 10:35	96.54	-8	0	0	-2 000
3481839	2012.08.08 13:39	buy	1	eurjpypro	96.895	96.795	96.905	2012.08.08 13:44	96.795	-8	0	0	-10 000
3423501	2012.07.26 21:56	sell	1	eurjpypro	96	96.05	95.95	2012.07.26 21:59	96.05	-8	0	0	-5 000
3423497	2012.07.27 06:46	buy	1	eurjpypro	96.5	96.45	96.55	2012.07.27 06:47	96.45	-8	0	0	-5 000
3423118	2012.07.26 14:08	sell	1	eurjpypro	96.288	0	0	2012.07.26 14:08	96.345	-8	0	0	-5 700
3423053	2012.07.26 14:05	buy	1	eurjpypro	96.194	96.176	96.205	2012.07.26 14:05	96.205	-8	0	0	1 100
3423050	2012.07.26 14:05	buy	1	eurjpypro	96.187	96.175	96.198	2012.07.26 14:05	96.175	-8	0	0	-1 200
3423013	2012.07.26 14:02	buy	1	eurjpypro	96.187	96.175	96.198	2012.07.26 14:02	96.198	-8	0	0	1 100
3423001	2012.07.26 14:00	sell	1	eurjpypro	96.1	0	96.089	2012.07.26 14:00	96.089	-8	0	0	1 100
3422964	2012.07.26 13:55	buy	1	eurjpypro	96.253	96.193	96.264	2012.07.26 13:56	96.193	-8	0	0	-6 000
3422951	2012.07.26 13:53	buy	1	eurjpypro	96.189	96.148	96.2	2012.07.26 13:54	96.2	-8	0	0	1 100
3422914	2012.07.26 13:43	buy	1	eurjpypro	96.179	96.168	96.19	2012.07.26 13:43	96.168	-8	0	0	-1 100
3422907	2012.07.26 13:43	buy	1	eurjpypro	96.175	96.164	96.186	2012.07.26 13:43	96.164	-8	0	0	-1 100
3422906	2012.07.26 13:42	sell	1	eurjpypro	96.122	96.165	96.111	2012.07.26 13:42	96.163	-8	0	0	-4 100
3422891	2012.07.26 13:40	sell	1	eurjpypro	96.13	96.166	96.119	2012.07.26 13:40	96.166	-8	0	0	-3 600
3422837	2012.07.26 13:32	buy	1	eurjpypro	96.197	96.156	96.208	2012.07.26 13:33	96.208	-8	0	0	1 100
3422806	2012.07.26 13:26	sell	1	eurjpypro	96.11	96.136	96.099	2012.07.26 13:27	96.099	-8	0	0	1 100
3420197	2012.07.26 09:45	sell	1	eurjpypro	94.762	94.738	0	2012.07.26 10:05	94.738	-8	0	0	2 400
3419883	2012.07.26 08:09	sell	1	eurjpypro	94.787	94.78	0	2012.07.26 09:40	94.78	-8	0	0	700
3419254	2012.07.26 02:17	sell	1	eurjpypro	94.822	94.8	0	2012.07.26 04:34	94.8	-8	0	0	2 200
3418890	2012.07.25 23:22	sell	1	eurjpypro	94.871	94.87	0	2012.07.26 02:11	94.87	-8	0	0	100
3409187	2012.07.24 03:59	sell	1	eurjpypro	94.877	94.507	0	2012.07.25 07:00	94.507	-8	0	-180	37 000
3408446	2012.07.24 00:57	sell	1	eurjpypro	94.895	94.89	0	2012.07.24 03:58	94.89	-8	0	0	500
3401712	2012.07.20 19:19	sell	1	eurjpypro	95.445	94.878	0	2012.07.23 11:00	94.874	-8	0	-180	57 100
3401042	2012.07.20 14:45	sell	1	eurjpypro	95.44	95.444	0	2012.07.20 14:45	95.444	-8	0	0	-400
3398103	2012.07.20 03:54	sell	1	eurjpypro	96.417	95.822	0	2012.07.20 12:22	95.822	-8	0	0	59 500
3397779	2012.07.20 01:43	sell	1	eurjpypro	96.397	96.442	96.39	2012.07.20 03:39	96.442	-8	0	0	-4 500
3396273	2012.07.19 15:52	sell	1	eurjpypro	96.375	0	0	2012.07.19 22:55	96.593	-8	0	-180	-21 800
3396068	2012.07.19 14:54	sell	1	eurjpypro	96.403	96.362	96.343	2012.07.19 15:42	96.362	-8	0	0	4 100
3395938	2012.07.19 14:21	sell	1	eurjpypro	96.212	96.3	96.2	2012.07.19 14:26	96.2	-8	0	0	1 200
3392282	2012.07.19 00:56	sell	1	eurjpypro	96.659	96.644	0	2012.07.19 02:37	96.644	-8	0	0	1 500
3343941	2012.07.06 13:39	sell	1	eurjpypro	98.12	98.16	98.11	2012.07.06 13:41	98.16	-8	0	0	-4 000
3343924	2012.07.06 13:32	buy	1	eurjpypro	98.15	0	98.164	2012.07.06 13:32	98.164	-8	0	0	1 400
3343826	2012.07.06 13:20	buy	1	eurjpypro	98.2	98.1	98.2	2012.07.06 13:23	98.1	-8	0	0	-10 000
3343777	2012.07.06 13:23	sell	1	eurjpypro	98.1	0	98.08	2012.07.06 13:23	98.08	-8	0	0	2 000
3343380	2012.07.06 12:49	buy	1	eurjpypro	98.336	98	98.342	2012.07.06 13:37	98.148	-8	0	0	-18 800
3335914	2012.07.05 11:19	sell	1	eurjpypro	99.69	99.047	0	2012.07.05 12:41	99.047	-8	0	0	64 300
3335420	2012.07.05 10:02	sell	1	eurjpypro	99.74	99.613	0	2012.07.05 11:09	99.613	-8	0	0	12 700
